{"cameraMode":{"drawMode":0,"name":"Shaded","section":"Shading Mode"},"sceneLighting":false,"audioPlay":false,"sceneViewState":{"showFog":true,"showMaterialUpdate":false,"showSkybox":false,"showFlares":true,"showImageEffects":true,"showParticleSystems":true,"showVisualEffectGraphs":true,"m_FxEnabled":true},"in2DMode":false,"pivot":{"x":0.3741269111633301,"y":0.7840701341629028,"z":-0.9626563787460327},"rotation":{"x":-0.10844113677740097,"y":0.19057123363018037,"z":-0.021160462871193887,"w":-0.9754629135131836},"size":1.907106876373291,"orthographic":false}