{"cameraMode":{"drawMode":0,"name":"Shaded","section":"Shading Mode"},"sceneLighting":false,"audioPlay":false,"sceneViewState":{"showFog":true,"showMaterialUpdate":false,"showSkybox":false,"showFlares":true,"showImageEffects":true,"showParticleSystems":true,"showVisualEffectGraphs":true,"m_FxEnabled":true},"in2DMode":false,"pivot":{"x":2.120692491531372,"y":0.6582531332969666,"z":-1.1952531337738038},"rotation":{"x":0.09761243313550949,"y":-0.5747566819190979,"z":0.06930411607027054,"w":0.8095299601554871},"size":0.06010103225708008,"orthographic":false}