{"cameraMode":{"drawMode":0,"name":"Shaded","section":"Shading Mode"},"sceneLighting":false,"audioPlay":false,"sceneViewState":{"showFog":true,"showMaterialUpdate":false,"showSkybox":false,"showFlares":true,"showImageEffects":true,"showParticleSystems":true,"showVisualEffectGraphs":true,"m_FxEnabled":true},"in2DMode":false,"pivot":{"x":0.16950716078281403,"y":0.5988143086433411,"z":0.17631766200065614},"rotation":{"x":0.11504427343606949,"y":-0.6010681390762329,"z":0.08778814971446991,"w":0.7861148715019226},"size":1.143139123916626,"orthographic":false}