{"cameraMode":{"drawMode":0,"name":"Shaded","section":"Shading Mode"},"sceneLighting":true,"audioPlay":false,"sceneViewState":{"showFog":true,"showMaterialUpdate":false,"showSkybox":true,"showFlares":true,"showImageEffects":true,"showParticleSystems":true,"showVisualEffectGraphs":true,"m_FxEnabled":true},"in2DMode":false,"pivot":{"x":-117.74876403808594,"y":65.64720153808594,"z":82.18987274169922},"rotation":{"x":-0.030993571504950525,"y":-0.9494196772575378,"z":0.09982888400554657,"w":-0.29648199677467348},"size":18.648433685302736,"orthographic":false}